Patient_ID,Nom,Prenom,Date_Naissance,Genre,Ville,Code_Postal,Departement
P001,Dupont,Jean,1980-05-14,M,Paris,75001,75
P002,Martin,Sophie,1992-11-23,F,Lyon,69001,69
P003,Bernard,Pierre,1975-03-08,M,Marseille,13001,13
P004,Petit,Marie,1988-07-30,F,Toulouse,31000,31
P005,Moreau,Thomas,1965-12-19,M,Nice,06000,06
P006,Laurent,Claire,2001-02-28,F,Bordeaux,33000,33
P007,Simon,Antoine,1995-09-10,M,Lille,59000,59
P008,Leclerc,Julie,1983-04-15,F,Nantes,44000,44
P009,Roux,François,1972-10-05,M,Strasbourg,67000,67
P010,Fournier,Elodie,1998-08-21,F,Rennes,35000,35
P011,Girard,Philippe,1959-01-30,M,Montpellier,34000,34
P012,Bonnet,Isabelle,1986-06-12,F,Grenoble,38000,38
P013,Dumont,Jacques,1979-03-25,M,Rouen,76000,76
P014,Leroy,Christine,1990-07-07,F,Dijon,21000,21
P015,Faure,Nicolas,1981-11-18,M,Clermont-Ferrand,63000,63
P016,Mercier,Sandrine,1974-09-03,F,Le Havre,76600,76
P017,Blanc,Patrick,1968-02-14,M,Reims,51100,51
P018,Guerin,Catherine,1993-05-09,F,Saint-Étienne,42000,42
P019,Muller,Dominique,1985-12-25,M,Angers,49000,49
P020,Chevalier,Valérie,1977-08-08,F,Brest,29200,29
P021,Da Silva,Luis,1996-04-01,M,Toulon,83000,83
P022,Lopez,Marina,1989-10-19,F,Perpignan,66000,66
P023,Kowalski,Anna,1982-07-12,F,Orléans,45000,45
P024,Nguyen,Minh,1991-01-27,M,Caen,14000,14
P025,Dubois,Caroline,1971-06-05,F,Besançon,25000,25
P026,Fontaine,Pascal,1963-03-30,M,Le Mans,72000,72
P027,Gauthier,Sylvie,1997-12-11,F,Amiens,80000,80
P028,Henry,Guillaume,1984-09-24,M,Limoges,87000,87
P029,Riviere,Nathalie,1976-05-17,F,Tours,37000,37
P030,Le Gall,Mathieu,1999-02-03,M,Poitiers,86000,86
P031,Caron,Audrey,1980-08-29,F,Chambéry,73000,73
P032,Perrin,Olivier,1973-11-13,M,La Rochelle,17000,17
P033,Renard,Patricia,1987-04-06,F,Reims,51100,51
P034,Schmitt,Michel,1960-07-20,M,Mulhouse,68100,68
P035,Roy,Monique,1994-10-02,F,Roubaix,59100,59
P036,Noel,Stephane,1988-03-15,M,Avignon,84000,84
P037,Meyer,Danielle,1979-12-07,F,Troyes,10000,10
P038,David,Eric,1966-05-25,M,Antibes,06600,06
P039,Legrand,Veronique,1992-09-18,F,Bayonne,64100,64
P040,Colin,Jerome,1985-01-23,M,Cannes,06400,06
P041,Garnier,Chantal,1970-04-10,F,Valence,26000,26
P042,Julien,Serge,1983-06-28,M,Annecy,74000,74
P043,Prevost,Dominique,1996-11-05,F,Pau,64000,64
P044,Huet,Claude,1958-08-14,M,Béziers,34500,34
P045,Barbier,Fabienne,1989-02-19,F,La Roche-sur-Yon,85000,85
P046,Picard,Thierry,1974-07-31,M,Calais,62100,62
P047,Marchand,Josette,1961-10-27,F,Saint-Denis,93200,93
P048,Guillot,Maurice,1980-12-09,M,Colmar,68000,68
P049,Gaillard,Brigitte,1993-03-22,F,Ajaccio,20000,2A
P050,Benoit,Rene,1969-05-04,M,Quimper,29000,29
P051,Thomas,Laure,1987-09-11,F,Vannes,56000,56
P052,Pierre,Alain,1975-02-16,M,Saint-Nazaire,44600,44
P053,Lefebvre,Henriette,1990-06-30,F,Hyères,83400,83
P054,Masson,Gilles,1982-01-08,M,Fréjus,83600,83
P055,Sanchez,Ana,1995-04-13,F,Brive-la-Gaillarde,19100,19
P056,Gomez,Juan,1978-07-26,M,Chartres,28000,28
P057,Rodriguez,Carmen,1984-10-09,F,Arles,13200,13
P058,Peres,Rodrigo,1991-12-24,M,Albi,81000,81
P059,Silva,Beatriz,1986-05-17,F,Tarbes,65000,65
P060,Fernandez,Diego,1979-08-03,M,Angoulême,16000,16
P061,Ricci,Giovanni,1994-03-06,M,Metz,57000,57
P062,Rossi,Francesca,1988-11-29,F,Forbach,57600,57
P063,Müller,Karl,1973-02-12,M,Sarrebourg,57400,57
P064,Schneider,Helga,1981-09-25,F,Épinal,88000,88
P065,Fischer,Werner,1964-06-18,M,St-Dié-des-Vosges,88100,88
P066,Weber,Ingrid,1997-01-21,F,Auxerre,89000,89
P067,Hoffmann,Klaus,1970-04-04,M,Belfort,90000,90
P068,Becker,Greta,1985-07-17,F,Montbéliard,25200,25
P069,Wagner,Otto,1957-10-10,M,Vesoul,70000,70
P070,Schulz,Monika,1992-05-23,F,Lons-le-Saunier,39000,39
P071,Hermann,Fritz,1980-08-16,M,Bourges,18000,18
P072,Klein,Ursula,1976-11-09,F,Châteauroux,36000,36
P073,Wolf,Hans,1969-02-02,M,Dreux,28100,28
P074,König,Petra,1993-12-15,F,Évreux,27000,27
P075,Bauer,Walter,1987-07-28,M,Vernon,27200,27
P076,Richter,Susanne,1984-04-01,F,Dieppe,76200,76
P077,Lange,Heinz,1979-09-14,M,Fécamp,76400,76
P078,Krüger,Barbara,1990-06-27,F,Le Tréport,76470,76
P079,Schröder,Erwin,1962-01-10,M,Gien,45500,45
P080,Neumann,Elke,1985-10-03,F,Romorantin,41200,41
P081,Schwarz,Manfred,1978-03-26,M,Vendôme,41100,41
P082,Zimmermann,Hannelore,1994-12-19,F,Châteaudun,28200,28
P083,Braun,Wolfgang,1981-05-12,M,Nogent-le-Rotrou,28400,28
P084,Hofmann,Karin,1976-08-25,F,La Flèche,72200,72
P085,Ludwig,Jürgen,1969-11-08,M,Sablé-sur-Sarthe,72300,72
P086,Simon,Sabine,1992-02-21,F,Château-Gontier,53200,53
P087,Krause,Günther,1987-07-16,M,Mayenne,53100,53
P088,Meier,Hildegard,1984-10-29,F,Laval,53000,53
P089,Vogel,Kurt,1979-04-12,M,Fougères,35300,35
P090,Peters,Liselotte,1996-09-05,F,Vitré,35500,35
P091,Böhm,Georg,1983-12-28,M,Redon,35600,35
P092,Keller,Margot,1988-05-11,F,Guingamp,22200,22
P093,Frank,Helmut,1975-02-24,M,Lannion,22300,22
P094,Günther,Irmgard,1991-11-07,F,Brest,29200,29
P095,Winkler,Bernd,1986-06-20,M,Concarneau,29900,29
P096,Lorenz,Christa,1973-03-03,F,Quimperlé,29300,29
P097,Baumann,Horst,1968-08-16,M,Moriaix,29600,29
P098,Schubert,Elfriede,1994-01-29,F,Landivisiau,29400,29
P099,Winter,Alfred,1979-10-12,M,Roscoff,29680,29
P100,Voigt,Gerda,1982-07-25,F,Audierne,29770,29
P101,Jansen,Lars,1990-04-08,M,Cherbourg,50100,50
P102,De Vries,Anouk,1987-09-21,F,Saint-Lô,50000,50
P103,Van den Berg,Willem,1974-02-14,M,Avranches,50300,50
P104,Bakker,Femke,1995-05-27,F,Granville,50400,50
P105,Visser,Daan,1980-12-10,M,Coutances,50200,50
P106,Meulen,Tineke,1977-03-23,F,Villedieu-les-Poêles,50800,50
P107,Smit,Johan,1963-08-06,M,Argentan,61200,61
P108,De Jong,Truus,1992-11-19,F,Flers,61100,61
P109,Van Leeuwen,Kees,1988-04-02,M,Alençon,61000,61
P110,Bos,Els,1985-07-15,F,Mortagne-au-Perche,61400,61
P111,Van Dijk,Piet,1970-10-28,M,La Ferté-Macé,61600,61
P112,Kok,Henny,1997-01-11,F,Domfront,61700,61
P113,Van der Meer,Jan,1983-06-24,M,L\'Aigle,61300,61
P114,Van der Linden,Mieke,1978-09-07,F,Bellême,61130,61
P115,Van Veen,Rob,1965-12-20,M,Nogent-le-Roi,28210,28
P116,Van der Heijden,Marlies,1991-05-03,F,Dreux,28100,28
P117,Timmermans,Paul,1986-08-16,M,Chartres,28000,28
P118,Van Dam,Ellen,1984-11-29,F,Châteaudun,28200,28
P119,Prins,Mark,1979-03-14,M,Nogent-le-Rotrou,28400,28
P120,Van der Wal,Susan,1996-10-27,F,La Loupe,28240,28
P121,Van den Broek,Tom,1982-02-09,M,Bonneval,28800,28
P122,Van der Velden,Loes,1987-07-22,F,Châteauneuf-en-Thymerais,28170,28
P123,Hendriks,Frank,1974-04-05,M,Illiers-Combray,28120,28
P124,Van der Laan,Marga,1993-12-18,F,Brou,28160,28
P125,Van der Berg,Leo,1988-05-01,M,Cloyes-sur-le-Loir,28220,28
P126,Van der Ven,Corrie,1985-10-14,F,Orgères-en-Beauce,28140,28
P127,Van der Pol,Kees,1970-01-27,M,Nogent-le-Phaye,28630,28
P128,Van der Meulen,Betty,1995-06-10,F,Sours,28630,28
P129,Van der Beek,Wim,1980-09-23,M,Mainvilliers,28300,28
P130,Van der Horst,Greet,1977-02-06,F,Lucé,28110,28
P131,Van der Brink,Bram,1964-07-19,M,Champhol,28300,28
P132,Van der Sanden,Trudy,1991-12-02,F,Ver-lès-Chartres,28630,28
P133,Van der Heiden,John,1986-03-15,M,Barjouville,28630,28
P134,Van der Aa,Wilma,1983-08-28,F,Gasville-Oisème,28300,28
P135,Van der Biezen,Henk,1978-11-11,M,Coltainville,28300,28
P136,Van der Grift,Maaike,1994-04-24,F,Challet,28300,28
P137,Van der Staay,Guus,1989-09-07,M,Morancez,28630,28
P138,Van der Tuin,Sietske,1984-12-20,F,Saint-Prest,28300,28
P139,Van der Woude,Teun,1979-05-03,M,Coulombs,28210,28
P140,Van der Zee,Jannie,1996-10-16,F,Fontenay-sur-Eure,28630,28
P141,Van der Sleen,Jaap,1982-01-29,M,Nouville,28800,28
P142,Van der Want,Geertje,1987-06-12,F,Thiron-Gardais,28480,28
P143,Van der Weide,Joop,1974-08-25,M,Brezolles,28270,28
P144,Van der Zijpp,Annie,1993-01-08,F,Laons,28270,28
P145,Van der Heyden,Karel,1988-04-21,M,Saint-Rémy-sur-Avre,28380,28
P146,Van der Knaap,Gerrie,1985-09-04,F,Nonancourt,27320,27
P147,Van der Ploeg,Bart,1970-12-17,M,Arnières-sur-Iton,27180,27
P148,Van der Molen,Tiny,1995-05-30,F,Breteuil,27160,27
P149,Van der Kamp,Piet,1980-08-13,M,Rugles,27250,27
P150,Van der Stelt,Joke,1977-11-26,F,Conches,27190,27
